brand,valor_antigo,Valor_atual,desconto,avaliacao,Quantidade de avaliação,Parcelamento,Observacao
Apple iPhone 14 (128 GB) - Meia noite - Distribuidor Autorizado,5.499,3.888,29% OFF no Pix,4.9,(6382),10x 432,Disponível em 6 cores
Apple iPhone 13 (128 GB) - Estelar - Distribuidor Autorizado,7.599,3.504,53% OFF no Pix,4.9,(5339),10x 389,Disponível em 6 cores
 Apple iPhone 14 (128 GB) - Amarelo - Distribuidor Autorizado,5.499,3.689,32% OFF no Pix,4.9,(6382),10x 409,Disponível em 6 cores
Apple iPhone 13 (128 GB) Meia-noite - Distribuidor Autorizado,7.599,3.500,53% OFF no Pix,4.9,(5339),10x 388,Disponível em 6 cores
iPhone 14 Plus (128 GB) - Estelar Apple - Distribuidor autorizado,5.699,4.229,25% OFF no Pix,4.9,(2087),10x 469,Disponível em 5 cores
Apple iPhone 14 Plus (128 GB) - Meia-noite - Distribuidor autorizado,5.699,4.229,25% OFF no Pix,4.9,(2087),10x 469,Disponível em 5 cores
Apple iPhone 15 (128 GB) - Preto - Distribuidor autorizado,7.299,4.848,33% OFF no Pix,4.9,(586),10x 538,Disponível em 5 cores
Apple iPhone 13 (128 GB) - Rosa - Distribuidor Autorizado,7.599,3.509,53% OFF no Pix,4.9,(5339),10x 389,Disponível em 6 cores
Apple iPhone 14 (128 GB) - Estelar - Distribuidor Autorizado,5.499,3.959,28% OFF no Pix,4.9,(6382),10x 439,Disponível em 6 cores
Apple iPhone 12 (128 GB) - Preto - Distribuidor autorizado,3.999,3.104,22% OFF no Pix,4.9,(4576),10x 344,Disponível em 2 cores
Apple iPhone 12 (128 GB)  - Branco - Distribuidor Autorizado,3.999,3.104,22% OFF no Pix,4.9,(4576),10x 344,Disponível em 2 cores
Apple iPhone 13 (128 GB) - Azul - Distribuidor Autorizado,4.599,3.649,20% OFF no Pix,4.9,(5339),10x 405,Disponível em 6 cores
Apple iPhone 12 (64 GB) - Preto - Distribuidor Autorizado,3.599,2.879,20% OFF no Pix,4.9,(4576),10x 319,Disponível em 2 cores
Apple iPhone 14 (128 GB) - (PRODUCT)RED - Distribuidor Autorizado,5.499,4.139,24% OFF no Pix,4.9,(6382),10x 459,Disponível em 6 cores
Apple iPhone 13 (128 GB) - (PRODUCT)RED - Distribuidor Autorizado,7.599,3.505,53% OFF no Pix,4.9,(5339),10x 389,Disponível em 6 cores
Apple iPhone 12 (64 GB) - Branco - Distribuidor autorizado,3.599,2.879,20% OFF no Pix,4.9,(4576),10x 319,Disponível em 2 cores
Apple iPhone 15 (128 GB) - Azul - Distribuidor Autorizado,5.863,5.863,,4.9,(586),10x 586,Disponível em 5 cores
Apple iPhone XR 128 GB - Branco,1.842,1.842,,4.3,(2394),10x 184,Disponível em 6 cores
Apple iPhone 15 Pro (128 GB) - Titânio Azul - Distribuidor autorizado,9.299,6.897,25% OFF no Pix,4.8,(231),10x 766,Disponível em 4 cores
Apple iPhone 15 Pro Max (256 GB) - Titânio Natural - Distribuidor Autorizado,10.999,8.031,26% OFF no Pix,4.8,(331),10x 892,Disponível em 4 cores
Apple iPhone 13 (256 GB) - Estelar - Distribuidor Autorizado,5.499,4.049,26% OFF no Pix,4.9,(5339),10x 449,Disponível em 6 cores
Apple iPhone 13 (256 GB) - Meia-noite - Distribuidor Autorizado,5.499,4.049,26% OFF no Pix,4.9,(5339),10x 449,Disponível em 6 cores
Apple iPhone 14 (256 GB) - Estelar - Distribuidor Autorizado,9.604,4.814,49% OFF no Pix,4.9,(6382),10x 534,Disponível em 6 cores
Apple iPhone 15 Pro Max (256 GB) - Titânio Branco - Distribuidor Autorizado,14.380,8.031,44% OFF no Pix,4.8,(331),10x 892,Disponível em 4 cores
Apple iPhone 14 (256 Gb) - Meia noite - Distribuidor Autorizado,7.422,4.814,35% OFF no Pix,4.9,(6382),10x 534,Disponível em 6 cores
Apple iPhone 15 Pro (128 GB) - Titânio Preto - Distribuidor autorizado,12.157,6.966,42% OFF no Pix,4.8,(231),10x 774,Disponível em 4 cores
Apple iPhone 13 (128 GB) - Estelar,3.499,3.499,,4.8,(799),10x 350,Disponível em 6 cores
 iPhone 15 Pro Max Dual SIM 512 GB titânio branco - Distribuidor autorizado,12.499,8.549,31% OFF no Pix,4.8,(331),10x 949,Disponível em 4 cores
Apple iPhone 15 Pro (256 GB) - Titânio Preto - Distribuidor Autorizado,13.203,7.398,43% OFF no Pix,4.8,(231),10x 822,Disponível em 4 cores
Apple iPhone 15 (128 GB) - Verde - Distribuidor autorizado,5.699,5.129,10% OFF no Pix,4.9,(586),10x 569,Disponível em 5 cores
Apple iPhone 15 Pro Max (256 GB) - Titânio Azul,14.380,8.189,43% OFF no Pix,4.8,(331),10x 909,Disponível em 4 cores
Apple iPhone 15 Pro (128 GB) - Titânio Natural - Distribuidor autorizado,12.157,6.966,42% OFF no Pix,4.8,(231),10x 774,Disponível em 4 cores
Apple iPhone 15 (256 GB) - Preto - Distribuidor autorizado,6.816,5.829,14% OFF,4.9,(586),10x 582,Disponível em 5 cores
"Apple iPhone SE (3ª geração, 64 GB) - PRODUCT(RED)",2.566,2.566,,4.6,(50),10x 256,Disponível em 3 cores
Apple iPhone 15 Pro Max (512 GB) - Titânio Natural - Distribuidor autorizado,16.341,9.192,43% OFF no Pix,4.8,(331),10x 1.021,Disponível em 4 cores
Apple iPhone 15 Pro (256 GB) - Titânio Azul - Distribuidor autorizado,13.203,7.398,43% OFF no Pix,4.8,(231),10x 822,Disponível em 4 cores
Apple iPhone 15 Pro Max (1 TB) - Titânio Preto - Distribuidor autorizado,18.302,10.529,42% OFF no Pix,4.8,(331),10x 1.169,Disponível em 4 cores
Apple iPhone 15 Plus (256 GB) - Preto - Distribuidor autorizado,9.099,6.479,28% OFF no Pix,4.7,(85),10x 719,Disponível em 5 cores
Apple iPhone XR 64 GB - Preto,1.550,1.550,,4.3,(2394),10x 155,Disponível em 6 cores
Apple iPhone 15 Pro Max (512 GB) - Titânio Preto - Distribuidor autorizado,12.499,9.699,22% OFF no Pix,4.8,(331),10x 1.077,Disponível em 4 cores
Apple iPhone 14 (128 GB) - Meia noite,3.899,3.899,,4.8,(249),10x 390,Disponível em 6 cores
Apple iPhone 15 Pro Max (256 GB) - Titânio Branco,7.500,750,,4.7,(429),10x 7.190,Disponível em 4 cores
Apple iPhone 11 (64 GB) - Branco,2.080,2.080,,4.4,(2688),10x 201,Disponível em 6 cores
Apple iPhone 15 Pro Max (512 GB) - Titânio Azul - Distribuidor Autorizado,16.341,9.359,42% OFF no Pix,4.8,(331),10x 1.039,Disponível em 4 cores
Apple iPhone 15 Pro (128 GB) - Titânio Azul,6.206,620,,4.8,(161),10x 5.949,Disponível em 4 cores
Apple iPhone 15 Pro (512 GB) - Titânio Preto - Distribuidor autorizado,11.599,8.999,22% OFF no Pix,4.8,(231),10x 999,Disponível em 4 cores
Apple iPhone 11 (128 GB) - Roxo,2.236,223,,4.4,(2688),10x 2.146,Disponível em 6 cores
Apple iPhone 15 (512 GB) - Preto - Distribuidor Autorizado,9.599,6.659,30% OFF no Pix,4.9,(586),10x 739,Disponível em 5 cores
Apple iPhone 15 (512 GB) - Amarelo - Distribuidor autorizado,9.599,6.659,30% OFF no Pix,4.9,(586),10x 739,Disponível em 5 cores
Apple iPhone 15 Pro Max (1 TB) - Titânio Azul - Distribuidor Autorizado,18.302,10.529,42% OFF no Pix,4.8,(331),10x 1.169,Disponível em 4 cores
 iPhone 8 64 Gb Cinza-espacial,944,944,,,,10x 94,
Apple iPhone 15 (256 GB) - Preto - Distribuidor autorizado,6.816,5.829,14% OFF,4.9,(586),10x 582,Disponível em 5 cores
Apple iPhone 15 (512 GB) - Verde - Distribuidor autorizado,13.559,13.559,50% OFF no Pix,4.9,(586),10x 6.659,Disponível em 5 cores
"Apple iPhone SE (3ª geração, 64 GB) - PRODUCT(RED)",2.566,2.566,,4.6,(50),10x 256,Disponível em 3 cores
Apple iPhone 15 Plus (256 GB) - Verde - Distribuidor autorizado,11.896,7.092,40% OFF no Pix,4.7,(85),10x 788,Disponível em 5 cores
Apple iPhone XR 64 GB - Preto,1.550,1.550,,4.3,(2394),10x 155,Disponível em 6 cores
Apple iPhone 14 (128 GB) - Meia noite,3.899,3.899,,4.8,(249),10x 390,Disponível em 6 cores
Apple iPhone 15 Pro Max (256 GB) - Titânio Branco,7.500,750,,4.7,(429),10x 7.190,Disponível em 4 cores
Apple iPhone 15 (512 GB) - Azul - Distribuidor autorizado,13.559,13.559,50% OFF no Pix,4.9,(586),10x 6.659,Disponível em 5 cores
Apple iPhone 11 (64 GB) - Branco,2.080,2.080,,4.4,(2688),10x 201,Disponível em 6 cores
Apple iPhone 15 Pro (128 GB) - Titânio Azul,6.206,620,,4.8,(161),10x 5.949,Disponível em 4 cores
Apple iPhone 11 (128 GB) - Roxo,2.236,223,,4.4,(2688),10x 2.146,Disponível em 6 cores
 iPhone 8 Plus 64 GB dourado,1.385,1.385,,4.0,(901),10x 138,Disponível em 4 cores
Apple iPhone SE (2a geração) 128 GB - Branco,2.099,1.658,21% OFF,4.3,(153),10x 165,Disponível em 2 cores
Apple iPhone 14 (256 GB) - Roxo - Distribuidor Autorizado,5.518,5.097,7% OFF,4.9,(6382),10x 509,Disponível em 6 cores
Apple iPhone 14 Plus (256 GB) - Estelar - Distribuidor autorizado,5.863,5.863,,4.9,(2087),10x 586,Disponível em 5 cores
Apple iPhone 15 Pro (512 GB) - Titânio Natural - Distribuidor autorizado,11.599,8.899,23% OFF no Pix,4.8,(231),10x 988,Disponível em 4 cores
Apple iPhone SE 2020 (2a Geração) 64 Gb - Preto Super Preço ,1.099,989,10% OFF,4.8,(13),10x 98,
Apple iPhone 11 (64 Gb) - Roxo (vitrine),1.799,1.799,,,,10x 174,
Apple iPhone 14 Plus (128 GB) - Roxo - Distribuidor autorizado,5.165,4.723,8% OFF,4.9,(2087),10x 472,Disponível em 5 cores
iPhone XR 128 Gb Preto - 1 Ano De Garantia - Excelente,1.529,1.437,6% OFF,,,10x 143,
 iPhone XS 64 GB dourado,3.099,2.045,34% OFF,4.0,(107),10x 204,Disponível em 3 cores
Apple iPhone 14 (256 GB) - Azul - Distribuidor Autorizado,5.518,551,,4.9,(6382),10x 5.259,Disponível em 6 cores
iPhone 7 Plus 128 GB prateado,1.498,1.294,13% OFF,3.8,(244),10x 125,Disponível em 6 cores
Apple iPhone 12 (128 GB)  - Branco,2.699,269,,4.2,(617),10x 2.625,Disponível em 6 cores
 iPhone 7 Plus 128 GB preto-brilhante A1786,1.498,1.393,7% OFF,,,10x 135,
 iPhone 8 Plus 256 GB prateado,1.995,1.995,,4.0,(901),10x 199,Disponível em 4 cores
Apple iPhone 11 (64 Gb) - Branco Lindo 10x Sem Juros,1.997,1.997,,,,10x 199,
 iPhone X 256 Gb Lindo 10x Sem Juros ,1.800,1.440,20% OFF,3.1,(7),10x 144,
Apple iPhone 14 Plus (256 GB) - Meia-noite,5.863,5.863,,4.8,(39),10x 586,Disponível em 5 cores
 iPhone 6s 16 Gb Rose Lindo 10x Sem Juros,567,465,18% OFF,4.8,(5),10x 46,
 iPhone 7 32 Gb Preto-fosco A1778 Completo,599,599,,,,10x 59,
 iPhone 8 64 GB cinza-espacial,1.347,1.347,,4.1,(761),10x 134,Disponível em 4 cores
iPhone SE Preto 2020 (2a Geração) 64 Gb Ótimo Estado A2296,999,999,,5.0,(1),10x 99,
 iPhone 6 64 Gb Cinza-espacial + Caixa Original Lindo,588,540,8% OFF,3.9,(17),10x 54,
 iPhone XS Max 64 GB dourado,3.499,2.379,32% OFF,4.3,(53),10x 237,Disponível em 3 cores
iPhone XR 64 Gb Preto - 1 Ano De Garantia - Marcas De Uso,1.399,1.315,6% OFF,,,10x 131,
iPhone 8 Plus 64gb Lindo 10x Sem Juros,1.450,1.131,22% OFF,4.5,(22),10x 109,Disponível em 3 cores
iPhone 8 64gb Cinza Espacial Celular Bom,719,719,,4.9,(7),10x 71,
iPhone 7 32gb Preto Matte Bom - Trocafone - Celular Usado,459,459,,5.0,(2),10x 45,
iPhone 8 Plus 64gb Cinza Espacial Muito Bom - Celular Usado,989,989,,4.8,(15),10x 98,
iPhone 8 64 Gb Cinza Espacial - 1 Ano De Garantia- Excelente,899,845,6% OFF,4.7,(14),10x 84,
Apple iPhone XR 64 Gb - Lindo 10x Sem Juros,1.450,1.377,5% OFF,4.0,(1),10x 137,
 iPhone 6 16 Gb Cinza-espacial Lindo Envio Imediato,530,413,22% OFF,5.0,(1),10x 40,
 iPhone 8 64 Gb Cinza-espacial Lindo + Caixa Original ,1.050,871,17% OFF,,,10x 87,
Apple iPhone XR 64 Gb - 64gb Lindo 10x Sem Juros,1.480,1.332,10% OFF,4.9,(7),10x 133,
iPhone 7 128gb Preto Matte Bom,629,629,,5.0,(8),10x 60,
 iPhone 8 64 Gb Dourado  Lindo 10x Sem Juros,900,855,5% OFF,,,10x 85,
iPhone 12 64gb Verde Usado Com Marcas,2.329,2.142,8% OFF,,,10x 207,
iPhone XS Max 256gb Cinza Espacial Bom - Celular Usado,1.709,1.709,,5.0,(2),10x 170,
 iPhone 5s 16 GB cinza-espacial,549,549,,4.0,(25),10x 54,Disponível em 2 cores
 iPhone 8 64 Gb Cinza-espacial,944,944,,,,10x 94,
iPhone SE (2ª Geração) 128gb,1.499,1.499,,,,10x 149,Disponível em 2 cores
iPhone X 64gb Cinza Espacial Muito Bom - Celular Usado,1.199,1.199,,5.0,(2),10x 119,
Apple iPhone XR 64 Gb Branco - 1 Ano De Garantia - Excelente,1.499,1.409,6% OFF,4.3,(30),10x 140,
 iPhone 7 32 Gb Preto-fosco Lindo 10x Sem Juros ,700,588,16% OFF,4.2,(6),10x 58,
iPhone 8 64gb Dourado Bom - Trocafone - Usado,719,719,,,,10x 71,
iPhone 14 Pro 1tb Preto Espacial Muito Bom Usado - Trocafone,6.549,6.549,,,,10x 654,
Apple iPhone XS Max 64 Gb Cinza Espacial - Excelente,1.699,1.597,6% OFF,,,10x 159,
 iPhone 6s 32 Gb Cinza-espacial Lindo 10x Sem Juros,567,538,5% OFF,,,10x 53,
Apple iPhone 11 (128 Gb) - Branco Bateria 100% + Brindes,2.150,2.150,,4.1,(14),10x 215,
iPhone 8 Plus 64 Gb Dourado  - 1 Ano De Garantia- Excelente,1.199,1.127,6% OFF,4.8,(8),10x 112,
iPhone 7 Plus 32 GB preto-fosco,1.249,1.249,,3.8,(244),10x 124,Disponível em 6 cores
 iPhone 5s 32 GB cinza-espacial,1.000,1.000,,4.0,(25),10x 100,Disponível em 2 cores
 iPhone 6 Plus 64 Gb Sem Digital Desbloqueia Com Senha,700,630,10% OFF,,,10x 63,
 iPhone XS Max 256 Gb Lindo 10x Sem Juros,1.750,1.750,,4.5,(4),10x 175,
Apple iPhone 11 64 Gb Preto - 1 Ano De Garantia - Excelente,1.999,1.879,6% OFF,4.4,(33),10x 187,
iPhone 8 Plus 64gb Lindo Envio Imediato ,1.450,1.247,14% OFF,,,10x 124,Disponível em 3 cores
Apple iPhone XR 256 Gb - Lindo 10x Sem Juros,1.800,1.584,12% OFF,,,10x 158,
iPhone 7 Plus 128 Gb Rose  Lindo 10x Sem Juros ,1.150,966,16% OFF,,,10x 96,
 iPhone 7 32 Gb Preto-fosco Semi-novo,689,689,,5.0,(3),10x 68,
iPhone 11 128 Gb Vermelho - 1 Ano De Garantia -poucas Marcas,2.079,1.954,6% OFF,,,10x 195,
Apple iPhone XR 128 Gb - Branco - Vitrine - Bateria 100%,1.699,1.699,,3.4,(7),10x 170,
iPhone 8 Plus 64gb Prateado Bom - Celular Usado,909,909,,4.5,(2),10x 90,
Apple iPhone XR 128 Gb - Lindo  10x Sem Juros,1.650,1.567,5% OFF,,,10x 156,
 iPhone SE 16 Gb ( Primeira Geracao ) Lindo 10x Sem Juros,550,495,10% OFF,,,10x 49,Disponível em 2 cores
 iPhone 8 64 Gb Cinza-espacial Lindo 10x Sem Juros,1.040,720,30% OFF,3.7,(16),10x 69,
Apple iPhone 12 (64 GB) - Branco,2.549,2.549,,4.2,(617),10x 255,Disponível em 6 cores
iPhone 15 Pro 256gb Dual E-sim 5g 8gb Capa + Pelicula Brinde,7.559,7.559,,,,10x 756,
 iPhone 6s 32 Gb Cinza-espacial,489,489,,4.9,(7),10x 47,
Apple iPhone XR 128 Gb - Vitrine - Bateria 100%,1.698,1.698,,3.7,(7),10x 169,Disponível em 2 cores
 iPhone 8 64 Gb Lindo 10x Sem Juros,878,878,,4.3,(34),10x 87,Disponível em 4 cores
Apple iPhone SE (2a Geração) 64 Gb Preto - Poucas Marcas,949,892,6% OFF,,,10x 89,
 iPhone 6 16 Gb Cinza-espacial Lindo 10x Sem Juros ,550,449,18% OFF,3.8,(4),10x 44,
iPhone XS Max 64gb Dourado Excelente - Trocafone - Usado,1.799,1.799,,5.0,(1),10x 179,
Apple iPhone 15 Pro (256 GB) - Titânio Azul,6.635,637,,4.8,(161),10x 7.199,Disponível em 4 cores
"iPhone 6s, Mn112br/a, 4.7 , 32gb, - Dourado",610,610,,,,10x 61,
iPhone XR 128 Gb Preto - 1 Ano De Garantia - Poucas Marcas,1.529,1.437,6% OFF,,,10x 143,
 iPhone 6s 16 Gb Prata Lindo 10x Sem Juros,625,481,23% OFF,,,10x 48,
iPhone 8 Barato Preto Sem Icloud Com Biometria Com  Nfe #177,1.299,779,40% OFF,5.0,(2),10x 77,
Apple iPhone XR 256 Gb - Preto Lindo 10x Sem Juros,2.100,1.618,22% OFF,,,10x 161,
iPhone 12 (128 Gb) - Vitrine - Bateria 100% +capa+fone Brind,2.999,2.399,20% OFF,,,10x 239,Disponível em 6 cores
iPhone 11 128 Gb Preto - 1 Ano De Garantia - Poucas Marcas,2.046,1.923,6% OFF,4.8,(5),10x 192,
 iPhone 8 Plus 64 Gb Vermelho Lindo 10x Sem Juros,1.260,1.260,,,,10x 126,
 iPhone 7 256 Gb Bateria 100% C/ Garantia | Nfe - Excelente ,1.038,788,24% OFF,,,10x 78,
iPhone 6s 32 Gb Rede 4g Wifi Câm.12mp - Cinza Espacial,599,599,,,,10x 60,
Apple iPhone 12 (128 Gb) - Preto,3.234,3.234,,,,10x 323,Disponível em 3 cores
iPhone 12 Mini 64 Gb Roxo - 1 Ano De Garantia - Poucas Marca,2.349,2.349,,,,10x 234,
iPhone 12 Mini 64 Gb Roxo - 1 Ano De Garantia- Marcas De Uso,2.299,2.299,,,,10x 229,
Apple iPhone 13 Pro 512 Gb Verde-alpino - Excelente,5.099,5.099,,,,10x 509,
"iPhone XR Apple 128gb Preto 6,1 12mp Ios 17 Desbloqueado",1.499,1.499,,,,10x 149,
 iPhone 8 64 Gb Cinza-espacial,944,944,,,,10x 94,
Apple iPhone 15 (256 GB) - Preto,7.485,6.194,17% OFF,4.8,(215),10x 619,Disponível em 5 cores
 iPhone 8 64 Gb Bateria 100% C/ Garantia | Nfe - Excelente ,932,708,24% OFF,,,10x 70,
 iPhone 7 128 Gb Bateria 100% C/ Garantia | Nfe - Excelente ,893,678,24% OFF,,,10x 67,
"iPhone XR Apple 128gb Preto 6,1  12mp Ios 17 Desbloqueado",1.498,1.498,,,,10x 149,
Apple iPhone 6s 32gb 2gb Ram Tela 4.7 Cinza Espacial,499,499,,3.0,(4),10x 49,
 iPhone 11 Pro Max 64 GB dourado A2218,4.099,4.099,,,,10x 409,
Apple iPhone XR 64 Gb - Preto Lindo 10x Sem Juros ,1.450,1.305,10% OFF,,,10x 130,
iPhone 7 128gb Vermelho Bom - Celular Usado,629,629,,,,10x 60,
iPhone 14 128gb,3.799,3.799,,,,10x 379,
Apple iPhone 11 (128 Gb) - Roxo - Vitrine - Bateria 100%,2.149,2.149,,5.0,(2),10x 214,
Apple iPhone 11 Pro 64 Gb Verde Meia-noite - Excelente,2.599,2.443,6% OFF,,,10x 244,
 iPhone 5s 64 GB prateado,1.999,1.999,,4.0,(25),10x 199,Disponível em 2 cores
iPhone XS 256gb Prata Excelente Trocafone - Celular Usado,1.949,1.949,,5.0,(2),10x 194,
iPhone 7 Plus 256gb Preto Matte Bom - Celular Usado,919,919,,,,10x 91,
Apple iPhone XR 128 Gb - Vermelho - Recondicionado-p.entrega,2.099,1.847,12% OFF,,,10x 184,
Apple iPhone 8 64gb 2gb Ram 4.7'' Câm 12mp Ios 13 Revisado,999,799,20% OFF,,,10x 79,Disponível em 2 cores
 iPhone 6 16 Gb Digital Inoperante  Lindo 10x Sem Juros ,500,425,15% OFF,,,10x 42,
iPhone 8 Plus 64gb Dourado Excelente - Celular Usado,1.049,1.049,,5.0,(1),10x 104,
iPhone 13 Mini 128 Gb Estelar - 1 Ano De Garantia -excelente,3.090,2.904,6% OFF,,,10x 290,
Apple iPhone 13 (128 GB) - Verde - Distribuidor Autorizado,4.424,4.075,7% OFF,4.9,(5339),10x 407,Disponível em 6 cores
iPhone 6 16 Gb Rede 4g Wifi Câm.8mp - Prateado,499,499,,,,10x 50,
 iPhone 7 32 Gb Dourado Lindo 10x Sem Juros,700,700,,,,10x 70,
Apple iPhone 11 (64 Gb) - Preto Lindo 10x Sem Juros,1.998,1.998,,,,10x 199,
Apple iPhone XR 64 Gb - Branco Lindo Envio Imediato,1.450,1.319,9% OFF,,,10x 127,
iPhone 8 Plus Vitrine Bateria 100%,1.379,1.379,,4.6,(63),10x 137,
iPhone 8 64 Gb Vermelho - 1 Ano De Garantia- Excelente,899,899,,,,10x 89,
 iPhone 6 Plus 16 Gb Prata Lindo 10x Sem Juros ,685,685,,,,10x 68,
 iPhone XR 64 Gb Branco  - Recondicionado - P.entrega C/nfe!,2.099,1.742,17% OFF,,,10x 174,
 iPhone 8 64 Gb Cinza-espacial Excelente  Envio Imediato,850,765,10% OFF,,,10x 74,
iPhone 8 64gb Cinza Espacial Excelente - Celular Usado,829,829,,,,10x 82,
Usado: iPhone 11 128gb Preto Muito Bom - Trocafone,2.289,2.289,,,,10x 228,
iPhone XS Max 256gb,2.499,2.499,,4.3,(3),10x 249,Disponível em 2 cores
Apple iPhone 12 Mini (128 Gb) - Verde Vitrine Garantia + Nf,2.447,2.447,,5.0,(2),10x 244,
iPhone 13 Pro Max 1tb Dourado Ouro 24k,25.000,25.000,,,,10x 2.500,
 iPhone 7 128 Gb Vermelho Lindo 10x Sem Juros,850,697,18% OFF,,,10x 69,
"iPhone 6s, Mn112br/a, Tela 4.7 ,  32gb, - Dourado",580,580,,,,10x 56,
iPhone 8 Plus 64gb Prateado Muito Bom - Celular Usado,989,989,,5.0,(1),10x 98,
Apple iPhone 11 (128 Gb) Branco Novo,2.729,2.729,,,,10x 272,Disponível em 4 cores
Apple iPhone 11 (128 Gb) Preto + Acessórios Original,2.797,2.797,,,,10x 279,Disponível em 4 cores
Apple iPhone 11 64 Gb Branco - 1 Ano De Garantia - Excelente,1.999,1.879,6% OFF,4.5,(17),10x 187,
Vitrine - Apple iPhone 13 Mini (128 Gb) - 5g Meia-noite,2.999,2.999,,5.0,(2),10x 299,
Apple iPhone 11 256 Gb Preto - 1 Ano De Garantia - Excelente,2.299,2.161,6% OFF,2.8,(4),10x 216,
iPhone 12 Roxo 64gb Promoção Em 10x Sem Juros,2.399,2.279,5% OFF,,,10x 227,
Apple iPhone XR 128 Gb - Amarelo Lindo 10x Sem Juros,1.630,1.548,5% OFF,,,10x 154,
iPhone 8 64gb Dourado Celular Muito Bom,779,779,,,,10x 77,
Apple iPhone 13 (256 GB) - Azul - Distribuidor Autorizado,5.599,5.599,,4.9,(5339),10x 559,Disponível em 6 cores
 iPhone 6 Plus 64 Gb Lindo 10x Sem Juros,700,665,5% OFF,4.0,(2),10x 66,
 Apple iPhone 8 64 Gb Cinza-espacial 2 Gb Ram,849,790,7% OFF,3.9,(12),10x 79,
iPhone 12 Pro Max (128 Gb) - Original Promoção,4.299,3.669,14% OFF,,,10x 366,Disponível em 2 cores
 iPhone 6s 32 Gb Rose Lindo 10x Sem Juros,570,541,5% OFF,,,10x 54,
 iPhone 8 64 Gb Cinza-espacial,944,944,,,,10x 94,
 iPhone 8 64 Gb Bateria 100% C/ Garantia | Nfe - Excelente ,886,673,24% OFF,,,10x 65,
 iPhone 7 128 Gb Bateria 100% C/ Garantia | Nfe - Excelente ,848,645,24% OFF,,,10x 62,
 iPhone 7 256 Gb Bateria 100% C/ Garantia | Nfe - Excelente ,986,749,24% OFF,,,10x 72,
"iPhone 15 Plus 128 Gb Preto Tela 6,7 5g Câmera 48mp",7.100,7.100,,,,10x 682,
Apple iPhone 15 Plus (128 GB) - Azul,6.880,6.880,,5.0,(3),10x 688,Disponível em 5 cores
 iPhone 7 32 Gb Prata Lindo 10x Sem Juros,700,588,16% OFF,5.0,(2),10x 58,
Apple iPhone 11 64gb Promoção Original Com Desconto À Vista!,2.119,1.885,11% OFF,,,10x 182,Disponível em 3 cores
iPhone 6 Plus 16 Gb Cinza-espacial Lindo 10x Sem Juros,700,665,5% OFF,,,10x 66,
iPhone 11 Pro 256gb Verde Meia Noite Usado,3.199,2.943,8% OFF,,,10x 285,
 iPhone 4s 64 GB branco,4.999,4.999,,4.6,(11),10x 499,Disponível em 2 cores
 iPhone SE 16 Gb ( Primeira Geracao ) Lindo Envio Imediato,550,484,12% OFF,,,10x 46,
Apple iPhone 11 128gb Original 10x Sem Juros,2.299,2.184,5% OFF,,,10x 218,Disponível em 3 cores
 iPhone 8 64 Gb Vermelho  Lindo 10x Sem Juros,900,855,5% OFF,,,10x 82,
Apple iPhone 14 Plus (128 GB) - Azul - Distribuidor autorizado,6.199,5.259,15% OFF,4.9,(2087),10x 525,Disponível em 5 cores
 iPhone 5s 16 Gb Cinza-espacial Lindo + Nota Fiscal,420,399,5% OFF,3.9,(12),10x 39,Disponível em 2 cores
Apple iPhone 15 Pro (256 GB) - Titânio Branco - Distribuidor autorizado,9.499,8.899,6% OFF,4.8,(231),10x 889,Disponível em 4 cores
Apple iPhone 11 (128 Gb) Preto + Acessórios,2.657,2.657,,,,10x 257,Disponível em 4 cores
iPhone 11 Pro Max 256gb Original Promoção,3.299,2.903,12% OFF,3.9,(7),10x 290,Disponível em 3 cores
iPhone 8 64gb Cinza Espacial Excelente - Usado,829,829,,,,10x 80,
iPhone 8 Plus 64gb Dourado Bom - Trocafone - Celular Usado,909,909,,5.0,(7),10x 90,
Vitrine Apple iPhone 11 Pro 256gb Original - Envio Imediato,2.999,2.489,17% OFF,5.0,(2),10x 248,
Celular iPhone 12  Azul 128 Gb De Vitrine Original + Brindes,2.549,2.421,5% OFF,,,10x 242,
iPhone 11 Pro 64 Gb Promoção Original Com Nota Fiscal,2.291,2.291,,,,10x 222,Disponível em 2 cores
Apple iPhone 14 Plus (256 GB) - (PRODUCT)RED - Distribuidor autorizado,6.499,5.659,12% OFF,4.9,(2087),10x 543,Disponível em 5 cores
Apple iPhone 15 Plus (128 GB) - Preto - Distribuidor autorizado,7.301,7.301,,4.7,(85),10x 730,Disponível em 5 cores
Apple iPhone 14 (256 GB) - Amarelo - Distribuidor Autorizado,6.499,5.529,14% OFF,4.9,(6382),10x 552,Disponível em 6 cores
Apple iPhone 11 (64 Gb) - Branco,1.899,1.899,,4.5,(19),10x 189,
iPhone 11 Pro Max 64gb Original Promoção,2.979,2.532,15% OFF,5.0,(7),10x 253,Disponível em 3 cores
Apple iPhone 15 Pro Max (512 GB) - TItânio Branco,9.158,9.158,,4.7,(429),10x 915,Disponível em 4 cores
Apple iPhone 12 (128 Gb) - Vitrine - Bateria 100%,2.598,2.598,,3.4,(5),10x 259,Disponível em 3 cores
iPhone 11 (64 Gb) - Preto (vitrine),1.899,1.899,,,,10x 189,
iPhone 11 Pro 256 Gb Dourado (vitrine),2.749,2.749,,,,10x 274,
Apple iPhone 12 (128 Gb) - Preto (vitrine),2.359,2.359,,,,10x 235,
 iPhone 12 128 Gb Azul (vitrine),2.399,2.399,,,,10x 239,
iPhone 7 Plus 256gb Prateado,1.050,1.050,,,,10x 105,
iPhone X 64 Gb Prateado - Conjunto Completo,1.399,1.329,5% OFF,,,10x 132,
Apple iPhone 14 Plus (128 GB) - (PRODUCT)RED - Distribuidor autorizado,6.199,5.259,15% OFF,4.9,(2087),10x 525,Disponível em 5 cores
iPhone 12 128gb Roxo (vitrine),2.399,2.399,,,,10x 239,
iPhone 11 Pro 64 Gb Cinza-espacial,2.529,2.048,19% OFF,5.0,(1),10x 204,Disponível em 4 cores
Celular iPhone 11 Pro 256 Gb Exposição 10x Sem Juros+brindes,2.989,2.480,17% OFF,,,10x 248,
Apple iPhone 15 Pro Max 256gb Natural +capa+ Carregador,7.700,7.700,,,,10x 770,
Apple iPhone 12 (128 Gb) - Roxo - Vitrine+brindes Sem Marcas,2.962,2.962,,,,10x 296,
Apple iPhone 11 128gb Original Promoção Com Desconto À Vista,2.599,2.001,23% OFF,,,10x 194,Disponível em 5 cores
iPhone 11 Pro 256gb Original Promoção Com Desconto À Vista,3.399,2.311,32% OFF,,,10x 224,
Apple iPhone 11 (128 Gb) - Roxo (vitrine),2.100,2.100,,5.0,(3),10x 210,
Apple iPhone 11 (128gb) Branco + Pacote De Acessórios - 100%,2.439,2.439,,,,10x 243,
Apple iPhone 15 Pro (128 GB) - Titânio Branco - Distribuidor autorizado,8.999,8.999,,4.8,(231),10x 899,Disponível em 4 cores
Apple iPhone 11 (128gb) Branco + Fone De Ouvido E Bat. 100%,2.410,2.410,,,,10x 241,
Celular iPhone 11 64gb Preto ,1.979,1.979,,,,10x 197,
iPhone 11 Pro Max 64gb Original Promoção,2.895,2.297,20% OFF,4.8,(12),10x 222,Disponível em 2 cores
 iPhone 8 64 Gb Cinza-espacial,944,944,,,,10x 94,
Celular iPhone 11 64gb Preto ,1.979,1.979,,,,10x 197,
iPhone 11 Pro Max 64gb Original Promoção,2.895,2.297,20% OFF,4.8,(12),10x 222,Disponível em 2 cores
Apple iPhone 12 (128 Gb) - Azul (vitrine),2.400,2.400,,5.0,(1),10x 240,
Vitrine - Apple iPhone 13 Mini (128 Gb) - 5g Azul,2.999,2.999,,,,10x 299,
Apple iPhone 12 (128 Gb) - Roxo (vitrine),2.399,2.399,,,,10x 239,
 iPhone XR 128gb Usado Vitrine Perfeito + Extras,1.575,1.496,5% OFF,,,10x 149,
iPhone 15 Pro Max 256gb Titanio Natural Com Nota E Garantia ,7.699,7.699,,,,10x 769,
Apple iPhone 12 Pro Max 256 Gb Original Promoção ,4.699,3.994,15% OFF,,,10x 399,Disponível em 2 cores
Apple iPhone 11 (64 Gb) - Branco (vitrine),1.899,1.899,,4.6,(7),10x 189,
iPhone 12 Pro Max 128 Gb Grafite ( Ver Descrição ) Outlet,3.699,3.477,6% OFF,,,10x 347,
Apple iPhone 12 (128 Gb) - Branco ( Vitrine ),2.199,2.199,,,,10x 213,
Apple iPhone 15 Pro Max (256 Gb) - Case + Película,8.495,7.815,8% OFF,,,10x 781,Disponível em 4 cores
iPhone 11 Pro 256gb Prata,2.764,2.764,,,,10x 276,
Apple iPhone 15 Pro 128 Gb Titânio + Carregador E Brindes,6.900,6.900,,,,10x 690,
iPhone 11 (64 Gb) - Vermelho (vitrine),1.849,1.849,,,,10x 184,
iPhone 12 (64 Gb) - Vitrine Com Nota Fiscal,2.219,2.219,,4.3,(9),10x 221,Disponível em 6 cores
iPhone 12 64gb Original Promoção Com Desconto À Vista,2.362,2.055,13% OFF,,,10x 199,Disponível em 5 cores
iPhone 12 64gb Original Promoção,2.399,2.183,9% OFF,,,10x 218,Disponível em 5 cores
Apple iPhone 11 (64 Gb) - Branco ( Vitrine),1.799,1.799,,4.4,(8),10x 174,
Apple iPhone 12 Pro (128 Gb) - Branco,2.999,2.999,,,,10x 299,
Apple iPhone 12 (128 Gb) - Preto (vitrine),2.310,2.310,,,,10x 231,
Apple iPhone 14 Plus (128 Gb) - Meia-noite - ,4.112,4.112,,,,10x 411,
Apple iPhone 13 (512 GB) - Estelar - Distribuidor Autorizado,8.999,6.399,28% OFF,4.9,(5339),10x 639,Disponível em 6 cores
Apple iPhone 15 Plus (128 GB) - Amarelo - Distribuidor autorizado,8.499,6.959,18% OFF,4.7,(85),10x 668,Disponível em 5 cores
Celular Apple iPhone XR 64gb 100% Original - Envio Imediato,1.499,1.379,8% OFF,5.0,(1),10x 133,
Apple iPhone 12 (64gb) - (product)red,2.249,2.249,,5.0,(4),10x 224,Disponível em 4 cores
Apple iPhone 11 (128gb) Preto -novo (vitrine) Envio Imediato,2.729,2.128,22% OFF,,,10x 212,
 iPhone 12 128gb Com Garantia 10x Sem Juros + Brindes,2.569,2.440,5% OFF,,,10x 244,Disponível em 3 cores
iPhone 7 Plus 128gb Ouro Rosa,1.020,1.020,,,,10x 102,
iPhone 11 Pro Max 64gb Original + Acessórios - 12x Sem Juros,2.899,2.609,10% OFF,,,10x 260,
Apple iPhone 12 (128 Gb) - Branco ( Vitrine ),2.359,2.359,,,,10x 235,
iPhone 11 (128 Gb) Todos Modelos (vitrine) Bateria 100% ,2.749,2.116,23% OFF,,,10x 211,
Apple iPhone 14 (512 GB) - (PRODUCT)RED - Distribuidor Autorizado,9.999,8.299,17% OFF,4.9,(6382),10x 797,Disponível em 6 cores
 iPhone 12 128 Gb Branco (vitrine),2.359,2.359,,4.0,(2),10x 235,
iPhone 11 Verde (128gb) -novo- Bateria 100% - Leia Descrição,2.699,2.699,,,,10x 269,
 iPhone 12 128gb  Original 10x Sem Juros + Brindes,2.559,2.431,5% OFF,5.0,(1),10x 243,Disponível em 2 cores
iPhone 12 Pro Max 128gb + Acessórios - Em 12x Sem Juros,3.799,3.799,,,,10x 379,
 iPhone 12 Pro 128 Gb Azul Vitrine,2.999,2.999,,,,10x 299,
Apple iPhone 13 (256 GB) - Rosa - Distribuidor Autorizado,5.599,5.079,9% OFF,4.9,(5339),10x 507,Disponível em 6 cores
iPhone 12 128gb Roxo Vitrine,2.429,2.429,,,,10x 242,
iPhone 13 (128 Gb) Meia-noite (vitrine),3.149,3.149,,,,10x 314,
iPhone 12 Pro (128 Gb) - Original Promoção Desconto À Vista,3.059,2.661,13% OFF,,,10x 258,Disponível em 2 cores
 iPhone 7 Plus 32 Gb  + Nf  Carregador E Cabo Sem Detalhes,860,860,,5.0,(2),10x 86,Disponível em 2 cores
Apple iPhone 11 (64 Gb) Preto (vitrine),1.799,1.799,,4.9,(7),10x 174,
iPhone 12 Roxo 64gb Promoção A Vista,2.299,2.184,5% OFF,,,10x 211,
iPhone X 256 Gb Cinza-espacial - Vitrine ,1.999,1.999,,,,10x 193,
Apple iPhone 11 Pro 64 Gb Original Promoção Desconto À Vista,3.599,1.943,46% OFF,5.0,(1),10x 188,Disponível em 4 cores
iPhone 15 Pro Max 256gb Titanio Natural Com Nota E Garantia ,7.339,7.339,,,,10x 705,
iPhone 12 Pro Max 256 Gb Promoção Com Desconto À Vista!,4.699,3.759,20% OFF,,,10x 361,Disponível em 2 cores
Celular Apple iPhone 11 Pro 256gb Original Vitrine + Brinde,2.889,2.397,17% OFF,,,10x 232,
 iPhone 8 64 Gb Cinza-espacial,944,944,,,,10x 94,
Apple iPhone 12 (128 Gb) - Preto (vitrine),2.199,2.199,,5.0,(2),10x 213,
iPhone 12 64 Gb Original Promoção Com Desconto À Vista,2.499,2.149,14% OFF,,,10x 208,Disponível em 5 cores
iPhone 15 128 Gb Verde,5.590,5.590,,,,10x 537,
Apple iPhone 8 64gb Novo Lacrado Original Tela Retina Hd ,2.799,2.799,,,,10x 271,
Vitrine - Apple iPhone 12 128gb + Brindes,2.459,2.336,5% OFF,,,10x 226,Disponível em 2 cores
"iPhone 12 Pro 128gb Grafite,  Vitrine-intacto-nfe",3.199,3.199,,,,10x 307,
Apple iPhone 11 (64 Gb) - Vitrine Bateria 100% ,1.990,1.990,,,,10x 192,
 iPhone 8 Plus 64 Gb Cinza-espacial Vitrine ,1.359,951,30% OFF,,,10x 92,
iPhone 11 Pro Max 64gb Original Garantia + Acessórios,2.699,2.483,8% OFF,,,10x 240,
iPhone 15 Pro Max 256 Gb Varias Cores,7.600,7.600,,,,10x 760,
iPhone 15 Plus Preto 128 Gb - Novo Lacrado,7.100,7.100,,,,10x 682,
Apple iPhone 12 (64 Gb) - Roxo,2.249,2.249,,4.2,(5),10x 224,
iPhone 11 64gb Branco Usado Com Marcas,1.859,1.710,8% OFF,,,10x 165,
iPhone 11 128gb Branco Vitrine - Bateria 100% + Brindes + Nf,2.495,2.495,,,,10x 241,
Apple iPhone 12 (128gb) Branco +todos Os Acessórios Bat 100%,2.999,2.999,,,,10x 299,
Apple iPhone 12 (64 Gb) - Preto Vitrine,2.249,2.249,,4.4,(7),10x 224,
 iPhone 8 64 Gb Dourado  Lindo Envio Imediato,950,855,10% OFF,,,10x 82,
Apple iPhone 15 Plus (128 GB) - Rosa - Distribuidor autorizado,8.299,7.309,11% OFF,4.7,(85),10x 730,Disponível em 5 cores
iPhone 6s Plus 16gb Dourado Bom - Trocafone - Celular Usado,489,489,,,,10x 47,
 iPhone XR 64 Gb Branco + Brindes,1.459,1.459,,,,10x 145,
iPhone X 64gb Prateado Excelente - Trocafone - Celular Usado,1.279,1.279,,,,10x 124,
iPhone 6s Barato 32gb Cinza Sem Icloud C/ Nfe Garantia #178,699,594,15% OFF,,,10x 59,
iPhone 6s Plus 32gb Prateado Seminovo Muito Bom,579,579,,,,10x 57,
iPhone 6s Plus 32gb Prateado Muito Bom - Celular Usado,579,579,,,,10x 56,
iPhone 8 64gb Dourado 10x Sem Juros Garantia Com Fone+brinde,1.199,1.199,,5.0,(3),10x 119,
Celular iPhone 12 64gb Com Garantia 10x Sem Juros,2.349,2.231,5% OFF,,,10x 223,Disponível em 2 cores
iPhone 11 Pro Max 256 Gb Verde Meia-noite - Excelente,2.990,2.810,6% OFF,,,10x 281,
Vitrine- iPhone 13 (128 Gb) Meia-noite,3.999,3.159,21% OFF,,,10x 315,
"iPhone 15 Pro 256gb Titânio Azul Tela 6,1  5g Câmera 48mp",9.382,9.382,,,,10x 901,
Apple iPhone 11 64 Gb - Preto (vitrine),1.899,1.899,,,,10x 189,
 iPhone 11 (128 Gb) - Branco (vitrine),2.100,2.100,,,,10x 210,
Apple iPhone 11 128 Gb Preto - 1 Ano De Garantia - Excelente,1.899,1.899,,4.1,(50),10x 189,
iPhone 11 64gb Branco Bateria 100% +brindes,2.119,1.885,11% OFF,,,10x 182,
Apple iPhone 13 (128 Gb) - Verde-alpino Idim,5.499,5.499,,,,10x 549,
iPhone X 256 Gb Prateado - Vitrine ,2.099,2.099,,,,10x 203,
iPhone 13 128gb,3.299,3.299,,5.0,(5),10x 329,
Apple iPhone 11 64 Gb Vermelho -1 Ano De Garantia- Excelente,2.035,1.913,6% OFF,4.4,(15),10x 191,
Apple iPhone 12 Pro (256 Gb) Promoção Desconto À Vista!,3.999,2.999,25% OFF,,,10x 290,Disponível em 2 cores
Apple iPhone SE (2a Geração) 64 Gb - Branco - Completo,1.199,1.139,5% OFF,,,10x 113,
iPhone 11 Pro Max 64gb Verde Meia Noite Usado,2.999,2.759,8% OFF,,,10x 267,
Apple iPhone 12 Pro Max (128 GB) - Dourado,3.762,3.762,,4.1,(99),10x 361,Disponível em 4 cores
Celular iPhone 12 64gb  100% Original + Brindes,2.259,2.146,5% OFF,5.0,(4),10x 208,Disponível em 3 cores
 iPhone 8 256 Gb Sem Digital Desbloqueia Somente Com Senha ,1.100,891,19% OFF,,,10x 89,
Apple iPhone 11 (128 Gb) - Branco,2.148,2.148,,,,10x 214,
Apple iPhone 12 Pro 128 Gb,3.999,3.999,,,,10x 399,
Apple iPhone 13 128gb Preto - Lacrado E Homologado Anatel,3.899,3.899,,,,10x 389,
Apple iPhone XR 128 Gb - Branco,1.697,1.697,,,,10x 169,
Apple iPhone 13 Pro Max (128 Gb) - Grafite Modelo De Vitrine,4.889,4.889,,,,10x 488,
 iPhone 8 64 Gb Cinza-espacial,944,944,,,,10x 94,
Apple iPhone XR 128 Gb - 10x Sem Juros,1.650,1.551,6% OFF,,,10x 155,
Apple iPhone 15 Plus (256 GB) - Amarelo - Distribuidor autorizado,8.999,7.599,15% OFF,4.7,(85),10x 730,Disponível em 5 cores
 iPhone 6 32 Gb Prateado - Conjunto Completo,499,474,5% OFF,,,10x 47,
iPhone 8 64gb Dourado Bom - Trocafone - Celular Usado ,719,719,,,,10x 69,
"iPhone 6s, Mn112br/a, Tela 4.7 , 32gb, - Dourado",708,708,,,,10x 70,
Vitrine - Apple iPhone 13 Mini 128 Gb - Verde 5g,2.999,2.999,,,,10x 290,
Apple iPhone 15 (512 GB) - Verde,8.999,7.559,16% OFF,4.8,(215),10x 726,Disponível em 5 cores
 iPhone 12 128 Gb Preto (vitrine),2.359,2.359,,5.0,(5),10x 235,
iPhone 8 Plus 64gb Dourado Muito Bom Usado,989,989,,,,10x 95,
iPhone 8 Plus 64gb Tela 5.5 4g Câm. 12mp Ios Preto,1.370,1.027,25% OFF,,,10x 102,
iPhone 8 64 Gb Space Gray Seminovo Ótimo,899,809,10% OFF,,,10x 78,
Apple iPhone 11 Branco 128gb Lacrado Nota Fiscal 1 Ano Garan,3.690,3.690,,,,10x 354,
Apple iPhone XR 64 Gb - Preto Lindo Envio Imediato,1.450,1.319,9% OFF,,,10x 127,
Apple iPhone XR 128 Gb - Coral Lindo 10x Sem Juros,1.655,1.522,8% OFF,,,10x 152,
iPhone 8 Plus 256gb Prata,1.820,1.437,21% OFF,,,10x 143,
Apple iPhone XR 128 Gb Amarelo -1 Ano De Garantia- Excelente,1.563,1.469,6% OFF,,,10x 146,
iPhone Apple Vitrine  12 Usado De 256gb  Semi-novo Exposição,2.549,2.421,5% OFF,,,10x 234,Disponível em 3 cores
Celular iPhone 12 (64 Gb) Azul Exposição 10x Sem Juros,2.231,2.231,,,,10x 223,
iPhone Apple Vitrine  12 Usado De 256gb  Semi-novo Exposição,2.649,2.516,5% OFF,,,10x 251,Disponível em 3 cores
Apple iPhone 12 (128 Gb) - Branco ( Vitrine ),2.399,2.399,,2.8,(6),10x 239,
Celular iPhone 12 64gb Original 10x Sem Juros + Brindes,2.399,2.279,5% OFF,,,10x 227,Disponível em 4 cores
Apple iPhone 13 Pro Max (128 Gb) - Verde-alpino             ,5.999,5.999,,,,10x 599,
Apple iPhone 12 Pro (128 Gb) - Azul-pacífico (vitrine),2.989,2.989,,,,10x 298,
Apple iPhone 12 (128 Gb) - Roxo (vitrine),2.399,2.399,,5.0,(4),10x 239,
iPhone X 256gb Prateado Bom - Celular Usado,1.359,1.359,,5.0,(3),10x 135,
iPhone 6s Plus 32gb,799,799,,,,10x 79,
Apple iPhone 4s 8gb Desbloqueado Original Anatel -de Vitrine,399,399,,3.5,(30),10x 38,
 iPhone 6s Plus 64 Gb Prateado - Conjunto Completo,799,759,5% OFF,,,10x 75,
iPhone 12 Pro Max (128 Gb) - Azul-pacífico - Promoção,3.795,3.795,,,,10x 379,
Apple iPhone XR 64 Gb Vermelho -1 Ano De Garantia- Excelente,1.499,1.409,6% OFF,4.5,(8),10x 140,
Apple iPhone 11 Branco 64gb Lacrado Garantia 1 Ano + Nfe,3.390,3.390,,5.0,(1),10x 325,
iPhone 11 Pro 64 Gb Prateado (vitrine),2.399,2.399,,,,10x 239,
iPhone 8 Plus 64gb Prateado Excelente - Celular Usado,1.049,1.049,,5.0,(1),10x 104,
Apple iPhone 11 (128 Gb) - Branco,2.148,2.148,,,,10x 214,
Apple iPhone XR 64 Gb - Branco  Lindo 10x Sem Juros,1.450,1.377,5% OFF,,,10x 137,
Apple iPhone XR 128 Gb - Branco,1.697,1.697,,,,10x 169,
 iPhone SE (2nd Generation) 128 Gb Preto Ou Vermelho A2296,1.999,1.999,,,,10x 199,
iPhone 11 64gb Branco + Brinde ,1.999,1.899,5% OFF,5.0,(6),10x 189,
Apple iPhone XR 256 Gb - Lindo 10x Sem Juros,2.000,1.660,17% OFF,,,10x 166,
iPhone 8 Plus 64 Gb Cinza-espacial- Excelente,1.199,1.127,6% OFF,5.0,(3),10x 112,
iPhone 7 128gb Prateado Muito Bom - Celular Usado,689,689,,,,10x 68,
iPhone 11 64 Gb Branco - 1 Ano De Garantia - Poucas Marcas,1.929,1.813,6% OFF,,,10x 181,
Apple iPhone 11 (128 Gb) - Roxo - Vitrine - Bateria 100%,2.148,2.148,,5.0,(1),10x 214,
Apple iPhone 11 (64 Gb) - (product)red Exposição Vitrine,1.952,1.952,,,,10x 195,
iPhone 6s 64gb Ouro Rosa Excelente - Celular Usado,549,549,,,,10x 53,
iPhone 12 Pro (256 Gb) Original Promoção ,3.999,3.119,22% OFF,,,10x 311,Disponível em 3 cores
iPhone 11 Pro 256gb Vitrine,2.790,2.790,,,,10x 270,
 iPhone X 64 Gb Lindo Envio Imediato Promocao,1.600,1.600,,,,10x 155,
iPhone 11 Pro Max 256gb Prateado Usado,3.499,3.219,8% OFF,,,10x 309,
 iPhone 8 64 Gb Cinza-espacial,944,944,,,,10x 94,
Apple iPhone 15 De 256gb - Amarelo,7.199,6.699,6% OFF,,,10x 669,
Apple iPhone 15 De 256gb - Verde,6.999,6.359,9% OFF,,,10x 611,
Apple iPhone 15 De 512gb - Amarelo,8.999,7.999,11% OFF,,,10x 799,
Apple iPhone 15 De 256gb - Amarelo,6.999,6.359,9% OFF,,,10x 611,
Apple iPhone 15 De 512gb - Amarelo,8.999,7.559,16% OFF,,,10x 726,
Apple iPhone 15 De 512gb - Preto,8.999,7.559,16% OFF,,,10x 726,
Apple iPhone 15 De 512gb - Preto,8.999,7.999,11% OFF,,,10x 799,
iPhone 8 Plus 64gb Prata Original 10x Sem Juros + Brindes,1.549,1.549,,,,10x 154,
Apple iPhone 15 De 128gb - Amarelo,6.499,5.659,12% OFF,,,10x 543,
Apple iPhone 12 (128 Gb) - Azul (vitrine),2.399,2.399,,,,10x 239,
Apple iPhone 15 De 512gb - Rosa,8.999,7.999,11% OFF,,,10x 799,
Apple iPhone 15 De 512gb - Rosa,8.999,7.559,16% OFF,,,10x 726,
Apple iPhone 15 De 512gb - Verde,8.999,7.999,11% OFF,,,10x 799,
Apple iPhone 15 De 128gb - Amarelo,6.499,5.979,8% OFF,,,10x 597,
Apple iPhone 15 De 512gb - Azul,8.999,7.559,16% OFF,,,10x 726,
Apple iPhone 15 De 512gb - Azul,8.999,7.999,11% OFF,,,10x 799,
Apple iPhone SE (2a Geração) 64gb Vermelho Seminovo + Brinde,1.474,1.400,5% OFF,,,10x 140,
iPhone XR 256gb Preto Bom - Trocafone - Celular Usado,1.659,1.659,,,,10x 165,
iPhone 6s 16gb Dourado Celular Bom,429,429,,,,10x 42,
 iPhone 8 Plus 64 GB prateado A1898,1.650,1.650,,,,10x 165,Disponível em 2 cores
iPhone 8 256gb Cinza Espacial Celular Muito Bom Usado,1.059,1.059,,,,10x 105,
Apple iPhone 11 (128 Gb) - Preto,2.300,2.300,,,,10x 230,
iPhone 14 Pro Max 128 Gigas Branco,5.450,5.450,,,,10x 523,
 iPhone 7 Plus 32 Gb  + Nf Carregador E Cabo,865,865,,,,10x 86,
iPhone 11 64 Gb Preto - 1 Ano De Garantia - Poucas Marcas,1.929,1.813,6% OFF,5.0,(1),10x 181,
iPhone 12 128gb Branco Usado,2.599,2.391,8% OFF,,,10x 231,
iPhone 12 Mini 64gb Preto Usado Com Marcas,2.139,1.967,8% OFF,,,10x 190,
iPhone 12 Mini 64gb Preto Usado Com Marcas,2.249,2.136,5% OFF,,,10x 213,
iPhone 11 128gb Roxo Bom Usado - Trocafone,2.109,2.109,,,,10x 204,
Apple iPhone 11(128 Gb)branco-vitrine-bateria100% +acessório,2.200,2.090,5% OFF,,,10x 209,
Apple iPhone 12 (128 Gb) - Roxo (vitrine),2.399,2.399,,,,10x 239,
Apple iPhone 11 64 Gb - Preto + Carregador - Ler Descrição,1.890,1.890,,4.2,(5),10x 189,
iPhone 12 64gb - Sem Face Id (semi Novo),2.299,2.299,,,,10x 229,
iPhone 11 128gb Roxo Usado Com Marcas,2.239,2.059,8% OFF,,,10x 199,
Apple iPhone 11 256 Gb Roxo Promoção 10x Sem Juros,2.650,2.517,5% OFF,,,10x 251,
iPhone 12 64gb Barato Vitrine - Impecável Premium,2.166,2.166,,,,10x 216,Disponível em 4 cores
iPhone 11 128gb Branco Bateria 100% Com Garantia +brindes,3.211,2.472,23% OFF,,,10x 247,
Apple iPhone 11 Pro 64 Gb Verde Meia-noite - Poucas Marcas,2.499,2.349,6% OFF,,,10x 234,
Vitrine iPhone 12 64gb 100% Original Seminovo Premium,2.190,2.080,5% OFF,,,10x 208,Disponível em 4 cores
iPhone 12 64gb Oferta Vitrine  Perfeito,2.166,2.166,,,,10x 209,Disponível em 4 cores
iPhone 15 Pro Max 256gb Titanio Preto Com Nota E Garantia ,7.349,7.349,,,,10x 706,
iPhone XR 64 Gb -  Branco + Garantia E Brindes ,1.789,1.414,21% OFF,,,10x 137,
"iPhone 13 Apple 128gb Estelar, 6,1 , 5g E Câmera Dupla 12mp",4.424,4.424,,,,10x 425,
Apple iPhone 11 (128 Gb) - Roxo (vitrine),2.100,2.100,,,,10x 210,
iPhone 12 Pro 128gb Dourado + Brinde ,3.999,3.999,,4.0,(4),10x 399,
iPhone 8 Plus 64gb Cinza Especial ,1.400,1.400,,,,10x 140,
Apple iPhone 11 (128gb) Branco + Acessórios Completos - 100%,2.429,2.429,,,,10x 243,
iPhone 7 Plus Preto 32 Gb Seminovo Bom,999,899,10% OFF,,,10x 87,
iPhone 8 Barato Preto Com Biometria Sem Icloud Nfe Garantia ,1.490,894,40% OFF,,,10x 89,
Apple iPhone XR 128 Gb - Preto - Vitrine - Bateria 100%,1.698,1.698,,,,10x 169,
 iPhone 8 64 Gb Cinza-espacial,944,944,,,,10x 94,
Apple iPhone XR 128 Gb - Preto,1.599,1.599,,,,10x 159,
"iPhone SE (2a Geração) 64 Gb - Preto, Você Merece Um Só Seu.",1.199,1.199,,,,10x 119,
 iPhone 5s 16 Gb Prateado - Conjunto Completo,399,379,5% OFF,,,10x 37,
Celular Apple  iPhone XR 128gb Vitrine Original De Exposição,1.659,1.542,7% OFF,5.0,(2),10x 149,
Apple iPhone 12 (64 Gb) - Branco Promoçao A Vista,2.299,2.299,,,,10x 222,
Vitrine Apple iPhone 12 Mini (128 Gb) - Preto,2.899,2.464,15% OFF,,,10x 246,
Apple iPhone 15 De 256gb - Verde,7.199,6.699,6% OFF,,,10x 669,
Apple iPhone 12 Pro (128 Gb) - Dourado,4.999,4.999,,4.0,(2),10x 499,
 iPhone 8 Plus 64 Gb Lindo 10x Sem Juros,1.400,1.288,8% OFF,,,10x 128,
Celular Usado iPhone XR 64gb Vitrine De Exposição + Brindes,1.599,1.471,8% OFF,,,10x 147,
iPhone 13 Pro 128gb Grafite Usado,4.309,4.093,5% OFF,4.9,(19),10x 409,
iPhone 13 128gb Preto (vitrine),3.089,3.089,,,,10x 308,
iPhone 7 Plus 128gb Preto Matte Muito Bom Celular Usado,919,919,,,,10x 91,
iPhone 11 64gb Vermelho Muito Bom - Trocafone -celular Usado,2.059,2.059,,,,10x 199,
iPhone 11 64 Gb Vitrini ,1.799,1.799,,,,10x 174,
iPhone 11 64 Gb Vitrini Preto,1.799,1.799,,,,10x 174,
Celular iPhone 12 (64 Gb) Azul Exposição 10x Sem Juros,2.349,2.231,5% OFF,,,10x 223,
 iPhone 11 (64 Gb) - Preto-vitrine,1.799,1.799,,,,10x 174,
Apple iPhone 12 Branco 64gb Lacrado Garantia 1 Ano Nfe Envio,3.999,3.999,,,,10x 384,
 iPhone 11 Pro 64 Gb Cinza-espacial - Vitrine ,2.415,2.415,,,,10x 234,
Vitrine - Apple iPhone 13 Mini (128 Gb) - 5g Verde,2.999,2.999,,,,10x 299,
Apple iPhone 11 256 Gb Original Em 10x Sem Juros,2.299,2.184,5% OFF,,,10x 211,Disponível em 4 cores
Vitrine - Apple iPhone 12 128gb + Brindes,2.469,2.345,5% OFF,,,10x 227,Disponível em 3 cores
Apple iPhone 15 Pro Max 256gb Preto + Capinha + Carregador,7.700,7.700,,,,10x 770,
iPhone 11 64gb Branco - Vitrine Bateria 100% + Brindes + Nf,2.099,2.099,,,,10x 203,
Apple iPhone 12 Pro Max 128gb + Acessórios - Promoção,3.595,3.595,,,,10x 345,
Apple iPhone 11 (128 Gb) - Roxo (vitrine),2.100,2.100,,,,10x 210,
Apple iPhone 12 Pro Max 128 Gb Grafite Impecavel,4.790,4.790,,,,10x 479,
iPhone 8 64gb Prata Garantia 10x Sem Juros Com + Brinde Fone,1.249,1.249,,,,10x 124,
iPhone 11 128gb - Branco - Vitrine - Bateria 100% + Brindes,2.178,2.178,,4.5,(64),10x 217,
 iPhone 11 Pro 64 Gb Dourado - Vitrine ,2.379,2.379,,,,10x 230,
 iPhone 7 128 Gb Dourado - Conjunto Completo ,999,949,5% OFF,,,10x 94,
iPhone 11 128gb De Exposição Bateria 100% +4 Brindes,2.198,2.198,,5.0,(1),10x 219,
iPhone 7 128gb Desbloqueado Preto Matte Original Câmeradupla,959,959,,,,10x 95,
iPhone 12 64gb Azul Usado,2.299,2.299,,,,10x 222,
 iPhone 5s 16gb Com Nota E Garantia,479,479,,4.1,(22),10x 47,
iPhone X 64 Gb Cinza-espacial - Conjunto Completo,1.399,1.315,6% OFF,,,10x 131,
Apple iPhone 15 (128 Gb) - Rosa - 1 Ano De Garantia Apple ,4.998,4.998,,,,10x 480,
Apple iPhone 11 (128 Gb) - Branco,2.149,2.149,,,,10x 214,
Apple iPhone 15 Plus (128 Gb)  Preto Idim,7.599,7.599,,,,10x 759,
iPhone 12 64gb (product)red Usado Com Marcas,2.449,2.326,5% OFF,,,10x 232,
iPhone 8 Plus 128gb Dourado Muito Bom Usado - Trocafone,1.269,1.269,,,,10x 123,
 iPhone 8 64 Gb Cinza-espacial,944,944,,,,10x 94,
iPhone 12 64gb Product(red) Usado,2.299,2.299,,,,10x 222,
iPhone 6s 128gb Cinza Espacial Celular Muito Bom,609,609,,5.0,(1),10x 60,
Vitrine - iPhone 13 Mini 128 Gb ( Blue) 5g,2.899,2.899,,,,10x 281,
Apple iPhone 12 (64 Gb),2.348,2.348,,,,10x 234,Disponível em 4 cores
Apple iPhone 11 (128 Gb) - Branco + Carregador Turbo E Fone,2.349,2.349,,,,10x 234,
iPhone 13 Pro Max 1tb Apple Ouro 24k 6gb Ram,23.999,23.999,,,,10x 2.399,
Apple iPhone 7 128gb Jet Black Preto Brilhante Anatel 4g 4.7,1.099,1.099,,,,10x 106,
 iPhone 8 64 Gb Cinza-espacial,944,944,,,,10x 94,
" iPhone 6s, Cinza-espacial (não Funciona) Retirar Peças",99,99,,,,10x 33,
iPhone 11 64gb Branco Vitrine Grade A+ Bateria 100%,1.869,1.869,,,,10x 186,
iPhone 8 64gb Red Garantia Com Brindes Impecável ,1.049,1.049,,,,10x 104,
iPhone 11 64 Gb Preto Impecável Novíssimo Nota Fiscal 1.899,1.899,1.899,,,,10x 189,
Usado: iPhone X 256 Gb Cinza - Regular,1.253,1.253,,,,10x 125,
iPhone 12 64gb Azul 5g ,2.495,2.495,,,,10x 249,
Apple iPhone 11 128gb Seminovo/vitrine,1.949,1.949,,,,10x 189,Disponível em 4 cores
iPhone 11 64gb Branco Usado 75%,1.950,1.950,,,,10x 195,
iPhone 14 Plus 256gb Meia Noite Muito Bom Usado - Trocafone,4.949,4.949,,,,10x 494,
iPhone 12 Mini 64 Gb Preto - Excelente - Usado,2.153,2.153,,,,10x 215,
iPhone 12 128 Gb Vermelho - Sem Touch Id - Usado,2.128,2.128,,,,10x 212,
 iPhone 8 64 Gb Cinza-espacial A1905,999,999,,,,10x 100,
iPhone 7 Plus 128 Gb A1784 Preto-brilhante,1.349,1.349,,,,10x 135,
 iPhone 7 256 Gb A1778 Preto-brilhante ,1.148,1.148,,,,10x 114,
Apple iPhone 14 (128 Gb) - Meia-noite Grade A Nota Fiscal,5.600,5.600,,,,10x 560,
 iPhone 6 64 Gb Cinza-espacial A1549,649,649,,,,10x 65,
 iPhone 11 64gb Preto Vitrine Grade A+ Bateria 100%,1.870,1.870,,,,10x 187,
iPhone 6s 16 Gb Cinza-espacial A1688,469,469,,,,10x 47,
iPhone 14 Pro 512gb Roxo Profundo Excelente Usado Trocafone,5.969,5.969,,,,10x 573,
"Lote Iphones Para Usar Componentes 5,5s,5 Se,5c Originais",194,194,,,,10x 32,
Lote C/ 3 iPhone 4s A1387 - Leia Descrição,149,149,,,,10x 14,
iPhone 12 64 Gb Branco Vitrine Grade A+ Bateria 100%,2.199,2.199,,,,10x 219,
Apple iPhone 11 (64 Gb)  Preto Open Box ,1.999,1.999,,,,10x 199,
 iPhone 6 16 Gb Cinza-espacial A1549,399,399,,,,10x 40,
 iPhone 6s 32 Gb Cinza-espacial A1688,499,499,,,,10x 50,
 iPhone 7 128 Gb Prateado A1778,999,999,,,,10x 100,
iPhone 14 Pro 512gb Roxo Profundo Excelente Usado Trocafone,5.969,5.969,,,,10x 596,
iPhone 11 64gb Product Red Top Excelente Bateria 85-100% Boa,1.997,1.997,,,,10x 199,
iPhone 14 Pro 128gb Roxo Profundo Excelente Usado Trocafone,5.019,5.019,,,,10x 482,
Apple iPhone 11 (256 Gb) - Preto- Usado - P. Entrega C/nfe!!,2.422,2.422,,,,10x 242,
iPhone SE 3ªg 128gb 4gb - Meia Noite,1.316,1.316,,,,10x 131,
Apple iPhone 12 Pro 128gb Nacional Open Box Sem Marcas Novo,4.599,4.599,,,,10x 442,
iPhone 3gs Usado 32gb Apple Orig Modelo 1303 Ler Descrição,339,339,,,,10x 32,
iPhone 13 Pro Max 256gb Azul Sierra Sem Detalhes Muito Novo,4.500,4.500,,,,10x 432,
iPhone 13 Pro Max Verde Alpino 128gb,5.997,5.997,,,,10x 576,
iPhone 14 Plus 256gb Meia Noite Muito Bom Usado - Trocafone,4.949,4.949,,,,10x 475,
Apple iPhone 11 256gb Seminovo/vitrine,2.093,2.093,,,,10x 202,Disponível em 2 cores
Smartphone Apple iPhone 4 A1332 P/ Retirar Peças,99,99,,,,10x 9,
Apple iPhone 3g  Raro! 2° Modelo Lançado Pela Apple Relíquia,198,198,,,,10x 33,
Apple iPhone 15 Pro Max 256 Gb Titânio Preto Garantia Brinde,7.599,7.599,,,,10x 759,
Apple iPhone 12 64g Azul,2.570,2.570,,,,10x 249,
Lote iPhone 6s 32gb Prata Com Defeito Não Funciona,250,250,,,,10x 24,
iPhone 13 Pro Max 256 De Mostruario Impecavel Sem Detalhes ,5.999,5.999,,,,10x 576,
iPhone 11 64gb Preto Seminovo Vitrine Garantia Carregado Bom,1.847,1.847,,,,10x 179,
iPhone 12 64gb Com Caixa_ Usado,3.090,3.090,,,,10x 297,
Vitrine - Apple iPhone 12  64gb Original- Semi Novo,3.350,3.350,,,,10x 321,Disponível em 2 cores
iPhone 6s Para Retirada De Pecas ,160,160,,,,10x 15,
Apple iPhone 12 (64 Gb) Vitrine  Semi Novo + Cabo Brinde,3.400,3.400,,,,10x 326,Disponível em 2 cores
iPhone 5 64gb Branco Sem Carregador,420,420,,,,10x 40,
iPhone 14 Apple Showroom Vitrine Grade A C/ Nf E Garantia,4.990,4.091,18% OFF,,,10x 393,Disponível em 2 cores
 iPhone 8 64 Gb Cinza-espacial,944,944,,,,10x 94,
 iPhone 8 128 Gb Apple Cinza-espacial Pronta Entrega,899,899,,,,10x 89,
 iPhone 5c 16 Gb Amarelo Estado De Novo Sem Marcas,389,389,,,,10x 38,
iPhone 3g 8gb Funcionando,300,300,,,,10x 29,
Apple iPhone 14 (128gb) Azul - Seminovo ,4.099,4.099,,,,10x 409,
 iPhone 6 Plus 16 Gb Dourado Golden A1593,499,499,,,,10x 49,
iPhone,200,200,,,,10x 19,
 iPhone 13 128 Gb Estelar A2631,3.200,3.200,,,,10x 320,
Celular iPhone 6 Retirar Peças,200,200,,,,10x 33,
 iPhone 7 256 Gb Mod. A1778,789,789,,,,10x 78,
 iPhone 6s 128 Gb Prateado,699,699,,,,10x 69,
iPhone 5c 16gb A1507 Verde Completo Funcionando,220,220,,,,10x 21,
iPhone 3gs 8gb E 4s 8gb Somente P/ Colecionadores Preço Cada,300,300,,,,10x 29,
 iPhone XS Max 64gb Apple Dourado Usado ,1.749,1.749,,,,10x 174,
Apple iPhone 14 (256 Gb) - Roxo - 94% Bateria,4.399,4.399,,,,10x 439,
"iPhone 6 16 Gb Cinza-espacial Otimo, Barato E Sem Marcas",490,490,,,,10x 49,
Apple iPhone SE 2020 (2ª Geração) 64gb Preto - Excelente,950,950,,,,10x 95,
iPhone SE A1723 Com Defeito,122,122,,,,10x 30,
iPhone 11 Pro Max Dourado Único Dono Com Nota Muito Novo,4.799,4.799,,,,10x 479,
iPhone 2g A1203 Mb384ll/a At&t Caixa Original Manuais Nota,999,999,,,,10x 96,
Celular iPhone X 64gb Só Aparelho,1.349,1.349,,,,10x 134,
iPhone 13 Pro Max Branco 128gb 87% De Bateria (3900 A Vista),4.600,4.600,,,,10x 460,
iPhone 3gs,800,800,,,,10x 77,
 iPhone 6 16 Gb Dourado No Plástico,299,299,,,,10x 33,
iPhone 12 Mini 64gb Novinho,2.875,2.875,,,,10x 287,
Celular iPhone A1303 Funcionando ( Leia A Descrição ),300,300,,,,10x 29,
Apple iPhone 12 Mini 64gb Preto,2.600,2.600,,,,10x 260,
Apple iPhone XR 128gb Preto,1.500,1.500,,,,10x 150,
iPhone 11 64gb Preto,2.100,2.100,,,,10x 203,
iPhone 12 64gb Grade A+ Bateria 97%,2.450,2.450,,,,10x 245,
iPhone 8 128 Gb Cinza-espacial +fones +carregador Originais,954,954,,,,10x 92,
"iPhone XS 64gb Branco Impecável! Caixa, Capas, Todo Ok! Veja",1.350,1.350,,,,10x 130,
 iPhone 4s 16 Gb Branco A1387,200,200,,,,10x 19,
iPhone 12 Pro Max 128gb - De Vitrine,4.889,4.889,,,,10x 488,
 iPhone 6 Plus 128 Gb Prateado Original,998,998,,,,10x 99,
 iPhone XS 512 Gb Cinza-espacial,2.197,2.197,,,,10x 219,
Apple iPhone 12 (128 Gb) - Verde - Excelente Estado - Bat 85,2.999,2.999,,,,10x 299,
iPhone 12 Pro,3.900,3.900,,,,10x 390,
iPhone 11 256 Gb Preto - Vitrine Em 10x Sem Juros,2.499,2.499,,,,10x 249,
Apple iPhone XR 64 Gb - Preto Lindo Excelente Mais Brindes,1.477,1.477,,,,10x 147,
iPhone 4s,400,400,,,,10x 38,
iPhone XR 64gb Branco Usado Com Defeito ,729,729,,,,10x 70,
iPhone 11 256 Gb Preto Sem Face Id 10x Sem Juros ,1.699,1.699,,,,10x 169,
iPhone 13 128 Gb Preto Seminovo Sem Marcas De Uso ,3.380,3.380,,,,10x 338,
Celular iPhone Apple Usado Xr 64gb De Vitrine Exposição ,1.445,1.445,,,,10x 144,
iPhone 11 Pro 64gb Verde Meia-noite Usado,2.099,2.099,,,,10x 209,
iPhone 13 Pro 1tb Azul A2483 Perfeito Estado,4.300,4.300,,,,10x 430,
iPhone 13 Pro Max,5.500,5.500,,,,10x 550,
iPhone 12 Apple 64gb Ram 4gb Usado,2.499,2.499,,,,10x 242,
Apple iPhone 7 - 128gb Preto Fosco - Ótimo Estado,599,599,,,,10x 59,
 iPhone 8 Plus 64 Gb Cinza-espacial,1.149,1.149,,,,10x 114,
 iPhone 8 64 Gb Cinza-espacial,944,944,,,,10x 94,
iPhone 12 64gb Preto,2.390,2.390,,,,10x 239,
iPhone XR 128gb Branco Usado Excelente Estado Conservado,1.599,1.599,,,,10x 159,
iPhone 12 64gb - Red - Semi Novo,2.150,2.150,,,,10x 208,
Apple iPhone 13pro Max (128 Gb) Azul-sierra Original Bat100%,4.999,4.999,,,,10x 499,
 iPhone X 256 Gb Prateado Sem Face Id Em 10 X Sem Juros,1.199,1.199,,,,10x 119,Disponível em 2 cores
Apple iPhone 13 Pro 128gb. Cinza. Seminovo. Caixa Completo.,3.649,3.649,,,,10x 364,
iPhone SE 2ª Geração 128 Gb Preto A2296 Apple Bateria 93%,989,989,,,,10x 98,
Apple iPhone 13 Pro Max (256 Gb) - Dourado De Mostruário ,5.099,5.099,,,,10x 509,
iPhone 12 Mini 64gb Preto Bateria 92%,2.350,2.350,,,,10x 227,
iPhone 12 128 Gb Branco Original Vitrine Bateria 100% Com Nf,2.697,2.697,,,,10x 269,
iPhone 11 128gb Vermelho,2.050,2.050,,,,10x 198,
iPhone 8 64gb Preto,850,850,,,,10x 85,
iPhone 6 - 64 Gb - A1549 - Defeito,115,115,,,,10x 11,
iPhone X 64gb Apple Celular Desbloqueado. Aceito Oferta! ,1.099,1.099,,,,10x 109,
Defeito Ñ Liga iPhone X 256gb Cinza Mqaf2bz Anatel Bat Nova,1.390,1.390,,,,10x 139,
iPhone 8 64gb Usado Preto,900,900,,,,10x 90,
iPhone 12 Pro Max,3.970,3.970,,,,10x 397,
Apple iPhone 13 512gb Vermelho,3.799,3.799,,,,10x 379,
Apple iPhone 13 128gb - Midnight ,3.400,3.400,,,,10x 340,
 iPhone 7 128 Gb Preto-fosco  Seminovo Perfeito,1.100,1.100,,,,10x 110,
iPhone 7 32 Gb Branco Lindo 10x Sem Juros Excelente Seminovo,757,757,,,,10x 75,
Barato Apple iPhone 12 De 64 Gb Novíssimo Completo Com Nf,2.499,2.499,,,,10x 242,
Apple iPhone 11 256 Gb Usado Em Bom Estado 10x Sem Juros,1.999,1.999,,,,10x 199,
iPhone 8 Plus 256gb Aparelho Com Carregador Excelente Estado,1.499,1.499,,,,10x 149,
Apple iPhone 13 Pro Max (256gb) Branco,4.200,4.200,,,,10x 403,
 iPhone SE 64 Gb Dourado (1º Geração) + Bateria Externa,649,649,,,,10x 64,
iPhone 6 Plus 16g Original Único Dono Nota Fiscal,599,599,,,,10x 60,
iPhone 11 128gb Perfeito Sem Riscos,1.950,1.950,,,,10x 195,
Celular iPhone 8 Plus 128gb Original Garantia Anatel Nota,1.497,1.497,,,,10x 145,
iPhone 12 Branco 64gb Top! Envio Já!,2.135,2.135,,,,10x 206,
iPhone 2g 8gb iPhone 1 Colecionador 1st,950,950,,,,10x 92,
iPhone 4 Usado 8 Gb  512 Mb Ram Black,129,129,,,,10x 32,
Celular iPhone 6s 32gb Rose Gold A1688 - Vitrine,579,579,,,,10x 56,
iPhone 8 64gb Preto Ótimo Estado - Desbloqueado,999,999,,,,10x 99,
iPhone 5s 32 Gb Prata,500,500,,,,10x 50,
iPhone 12 Mini Retirada Peças ,399,399,,,,10x 38,
 iPhone 4s 16 Gb Preto,350,350,,,,10x 33,
Celular Apple iPhone XR 128gb Com Garantia Nf 100% Nacional,1.898,1.898,,,,10x 184,Disponível em 2 cores
iPhone 11 Pro 256gb Prateado  ,1.999,1.999,,,,10x 193,
 iPhone 5c 8gb Azul A1507 - Defeito,150,150,,,,10x 14,
iPhone 11 Pro Max 256 Gb Branco (vitrine) Excelente ,2.855,2.855,,,,10x 276,
Sucata iPhone 6 Modelo 1549 Travado Na Tela,90,90,,,,10x 8,
iPhone 15 Pro Max (usado) Na Garantia Apple,6.800,6.800,,,,10x 653,
"iPhone 15 128gb Preto, 1 Mês De Uso, Sem Detalhes",4.890,4.890,,,,10x 470,
 iPhone 12 128 Gb Preto A2402,2.999,2.999,,,,10x 290,
iPhone 13 128gb Space Gray,3.200,3.200,,,,10x 307,
" iPhone 6s A1633 Em Excelente Estado Para Peças, No Estado!",299,299,,,,10x 33,
iPhone 12 Pro Max 128gb Usado Azul Com A Tela Trincada,2.299,2.299,,,,10x 222,
Apple iPhone XR 64 Gb - Preto - Placa Mãe Original,2.200,2.200,,,,10x 213,
iPhone 11 Pro 256gb Silver ,1.990,1.990,,,,10x 192,
 iPhone 8 64 Gb Cinza-espacial,944,944,,,,10x 94,
iPhone 12 Mini 64gb Novinho,2.690,2.690,,,,10x 260,
Celular iPhone X 64gb Original Garantia Anatel Nota Fiscal,1.597,1.597,,,,10x 154,
Lote Celulares (leia Anúncio),621,621,,,,10x 60,
iPhone 13 128gb +brindes,3.360,3.360,,,,10x 322,
iPhone 4s Reliquia Pra Colecionador Jp390,600,600,,,,10x 58,
 iPhone 6s 64 Gb Cinza-espacial,450,450,,,,10x 43,
iPhone 11 Pro Max Dourado Único Dono Com Nota Fiscal,4.290,4.290,,,,10x 412,
 iPhone 6 32 Gb Cinza-espacial Com Defeito E Tela Trincada,330,330,,,,10x 31,
Apple iPhone 12 Mini (64 Gb) - Branco,2.250,2.250,,,,10x 218,
iPhone 8 64gb,899,899,,,,10x 87,
Apple iPhone XR 64 Gb Preto,1.250,1.250,,,,10x 121,
" iPhone 12 64 Gb Azul - Ler Anuncio, Retirada De Peças",950,950,,,,10x 92,
Celular iPhone 11 128gb Original Garantia Anatel Nota Fiscal,1.987,1.987,,,,10x 192,Disponível em 2 cores
 iPhone 12 Pro 128 Gb Azul-pacífico A2341,3.249,3.249,,,,10x 312,
"iPhone 7 Plus 128 Gb Rose Com Capa, Pelicula Caixa,fonte",1.050,1.050,,,,10x 101,
iPhone 5c Rosa Com 8gb De Memória,279,279,,,,10x 27,
iPhone 7 32gb,717,717,,,,10x 69,
iPhone 11 Pró 256gb Grafite Com Carregador + Fone De Brinde.,2.599,2.599,,,,10x 251,
iPhone 14 Pro Max 256gb E-sim Cor Roxo Profundo,6.999,6.999,,,,10x 672,
Apple iPhone 15 Pro Max 256gb Titânio Azul Muito Novo,6.799,6.799,,,,10x 653,
iPhone 8 Plus 64 Gb Branco / Lateral Rosé Com Defeito,639,639,,,,10x 62,
 iPhone 8 64 Gb Branco/dour - Caixa/carreg/cabo/phone/capa,1.100,1.100,,,,10x 106,
Apple iPhone 12 (128 Gb) Midnight Blue Usado Em Ótimo Estado,2.850,2.850,,,,10x 276,
iPhone 13 128 Gb(com Nota Fiscal),2.999,2.999,,,,10x 290,
iPhone 11 Pro 256gb,1.999,1.999,,,,10x 193,
iPhone 8 64gb Lindo Branco Original Excelente ,887,887,,,,10x 85,
 iPhone 6 64 Gb Prateado Apple Ios A1549 Necessita Conserto!,250,250,,,,10x 24,
I-phone 12 256 Gb Azul + Capinha + Película - Usado,4.499,4.499,,,,10x 432,
iPhone 8 64gb Dourado Novíssimo! Nunca Aberto! Todo Original,799,799,,,,10x 77,
iPhone 5 Md640ll/a 4  32gb,399,399,,,,10x 38,
 iPhone 6 64 Gb + 2 Capas - Lei A Descriçâo,550,550,,,,10x 53,
 iPhone 15 Pro Max 256 Gb White Titanium Desbloqueado 2024,8.479,8.479,,,,10x 814,
Lote De Sucata De iPhone  Para Retirar Pecas 4 Unidades,222,222,,,,10x 21,
Celular iPhone,120,120,,,,10x 30,
iPhone 7,489,489,,,,10x 47,
iPhone 12 Pro Max 256g ( Icloud Liberado ),2.600,2.600,,,,10x 252,
iPhone 12 Pro,2.750,2.750,,,,10x 266,
"iPhone 8 64gb Bateria Nova, Impecável, Única Dona, Caixa",850,850,,,,10x 82,
iPhone 7 Plus 32gb Gold + Caixa + Acessórios,960,960,,,,10x 96,
iPhone 12 Branco 64gb Em Ótimo Estado,2.400,2.400,,,,10x 232,
iPhone 11 Pro Max 256gb - Verde Em 10x Sem Juros,2.799,2.799,,,,10x 279,
Lote Iphones 5 E 5s Antigos-sucata,169,169,,,,10x 16,
 iPhone XR 64 Gb Preto A2106 ,1.799,1.799,,,,10x 179,
 iPhone 7 32 Gb Preto-fosco,600,600,,,,10x 60,
Apple iPhone XS 64 Gb Dourado,1.587,1.587,,,,10x 153,
iPhone 12 64gb Branco Usado Em 10x Sem Juros,2.100,2.100,,,,10x 210,
iPhone 12 64gb Roxo ,2.390,2.390,,,,10x 231,
Apple iPhone 13 (128 Gb) - Meia-noite,3.699,3.699,,,,10x 355,
iPhone XS Max 256gb Preto Leia A Descrição,1.667,1.667,,,,10x 166,
Smartphone iPhone 6 Não Liga (retirada De Peça),150,150,,,,10x 30,
 iPhone 8 64 Gb Cinza-espacial,944,944,,,,10x 94,
 iPhone 6 16 Gb Prateado,530,530,,,,10x 51,
iPhone XR 64 Gb Nota Fiscal Desbloqueado Sem Face Id Leia,799,799,,,,10x 77,
iPhone 14 128gb Branco 100% Bateria Usado Garantia Março2025,4.300,4.300,,,,10x 430,
iPhone 12 64g Preto C/ Garantia Usado 85% Bateria,2.400,2.400,,,,10x 232,
"iPhone 13 Pro 128 Gb Azul Excelente Estado Caixa, Nf E Capas",3.690,3.690,,,,10x 354,
iPhone 13 Pro Max 256gb Azul- Sierra Excelente Usado,5.339,5.339,,,,10x 513,
Celular iPhone 13 Pro 1tb Grafite Excelente - Trocafone,5.739,5.739,,,,10x 551,
Celular iPhone 13 Pro 256gb Dourado Bom - Trocafone,4.139,4.139,,,,10x 397,
Apple iPhone 14 Pro 512gb Roxo - 97%  Bateria 9 Meses Zerado,6.999,6.999,,,,10x 699,
iPhone 5s 16g Cinza Lacrado Na Caixa Original,1.800,1.800,,,,10x 174,
Smartphone iPhone Sem Tela Para Tirar Pecas,95,95,,,,10x 9,
iPhone 6s Plus 32gb Usado Prateado Seminovo  Muito Bom ,579,579,,,,10x 57,
Usado: iPhone 12 Pro 256gb Dourado Excelente - Trocafone,4.699,4.699,,,,10x 469,
Usado: iPhone 11 Pro 256gb Prateado Muito Bom - Trocafone,3.219,3.219,,,,10x 321,
iPhone 6s Plus 32gb Prateado Usado Seminovo Muito Bom,579,579,,,,10x 56,
Usado: iPhone 11 64gb Vermelho Muito Bom - Trocafone,2.279,2.279,,,,10x 227,
Usado: iPhone 12 64gb Preto Muito Bom - Trocafone,3.219,3.219,,,,10x 321,
iPhone 4s Branco Completo ,359,359,,,,10x 35,
iPhone 6s A1688 - Para Retira Peças,69,69,,,,10x 6,
Apple iPhone 11 (64 Gb) - Preto,2.900,2.900,,,,10x 290,
iPhone X 256gb Wi-fi Câmera Icloud Limpo Detalhes Tel Usado,1.099,1.099,,,,10x 106,
Apple iPhone 12 Mini (256 Gb) - Preto + Acessórios,3.307,3.307,,,,10x 330,
iPhone SE 2020 64 Gb Preto - Sem Touch Id - Usado,972,972,,,,10x 97,
Apple iPhone 12 (64 Gb) - Preto Seminovo Sem Detalhes Oferta,3.085,3.085,,,,10x 308,
Apple iPhone 12 - 256gb - Azul - Nacional,3.299,3.299,,,,10x 317,
iPhone 13 128gb Vermelho Capa Magsafe Dual Sim - Unico Dono,3.680,3.680,,,,10x 368,
Celular iPhone 6s 32gb Rose Gold A1688 - Mostruário ,579,579,,,,10x 56,
Apple iPhone XR 64gb Vermelho,1.320,1.320,,,,10x 132,
iPhone 14 Pro 128gb,5.200,5.200,,,,10x 520,
iPhone 7 Plus 128gb Vitrine,1.749,1.749,,,,10x 169,
Apple iPhone 14 Pro 512gb Roxo - 97%  Bateria 9 Meses Zerado,6.799,6.799,,,,10x 653,
iPhone 11 128gb | Único Dono | 100% Original | Nunca Abriu,1.800,1.800,,,,10x 174,
" iPhone 6s A1688 Em Excelente Estado Para Peças, No Estado!",299,299,,,,10x 33,
Celular iPhone 12 - 64gb + Brinde - Estado De Novo,2.899,2.899,,,,10x 289,
iPhone 8 Prateado 64 Gb (bateria 86%) Zona Leste,1.600,1.600,,,,10x 155,
iPhone XS 64gb Celular Usado Seminovo Dourado Muito Bom,1.549,1.549,,,,10x 154,
iPhone 5c 16gb A1507 Na Caixa Todo Original Touch Ruim Leia,297,297,,,,10x 28,
Apple iPhone 13 Pro Max 128gb Azul   (usado Sem Detalhes),5.600,5.600,,,,10x 560,
 iPhone 6 16 Gb Cinza-espacial Otimo E Barato Com Garantia,689,689,,,,10x 66,
 iPhone 6s 128 Gb Cinza-espacial A1688,699,699,,,,10x 70,
iPhone 7 Jet Black Edição Limitada 256gb,699,699,,,,10x 67,
 iPhone 8 64 Gb Prateado - Usado - Pronta Entrega C/nfe!!,899,899,,,,10x 89,
 iPhone XS 64gb Apple Dourado Desbloqueado ,1.549,1.549,,,,10x 154,
Celular iPhone 6s 32gb Rose Gold A1688 - Mostruário ,579,579,,,,10x 56,
iPhone 11 Pro Max 256 Gb Space Gray Na Caixa + Nfe + Brindes,2.999,2.999,,,,10x 299,
iPhone 14 De 128gb,4.199,4.199,,,,10x 419,
iPhone XR 64gb Apple Vermelho Desbloqueado,1.649,1.649,,,,10x 164,
 iPhone XS 64gb Apple Prateado Desbloqueado Pronta Entrega,1.549,1.549,,,,10x 154,
 iPhone 8 Plus 256gb Apple Prateado Desbloqueado ,1.359,1.359,,,,10x 135,
